"snr","trial","stoppingT"
0,"V1",2401
0,"V2",2401
0,"V3",2401
0,"V4",2401
0,"V5",2401
0,"V6",2401
0,"V7",2401
0,"V8",2401
0,"V9",2401
0,"V10",2401
0,"V11",309
0,"V12",2401
0,"V13",1360
0,"V14",2401
0,"V15",2401
0,"V16",2401
0,"V17",1430
0,"V18",1025
0,"V19",2401
0,"V20",2401
0,"V21",2401
0,"V22",2401
0,"V23",2246
0,"V24",2401
0,"V25",2401
0,"V26",2401
0,"V27",2401
0,"V28",2401
0,"V29",2401
0,"V30",2401
0,"V31",2401
0,"V32",2401
0,"V33",2401
0,"V34",2401
0,"V35",2401
0,"V36",1882
0,"V37",2401
0,"V38",2401
0,"V39",2401
0,"V40",2401
0,"V41",2401
0,"V42",2401
0,"V43",2401
0,"V44",2401
0,"V45",2401
0,"V46",1480
0,"V47",2401
0,"V48",2401
0,"V49",2401
0,"V50",2401
0,"V51",2401
0,"V52",2401
0,"V53",2401
0,"V54",790
0,"V55",2052
0,"V56",2401
0,"V57",2401
0,"V58",2401
0,"V59",2401
0,"V60",2401
0,"V61",2401
0,"V62",2401
0,"V63",2401
0,"V64",2401
0,"V65",2401
0,"V66",2401
0,"V67",2401
0,"V68",2401
0,"V69",380
0,"V70",2401
0,"V71",2401
0,"V72",2401
0,"V73",2401
0,"V74",2401
0,"V75",1001
0,"V76",1807
0,"V77",2401
0,"V78",2401
0,"V79",2401
0,"V80",621
0,"V81",2401
0,"V82",2401
0,"V83",2401
0,"V84",2401
0,"V85",2401
0,"V86",2401
0,"V87",2401
0,"V88",2401
0,"V89",2401
0,"V90",2401
0,"V91",2401
0,"V92",2401
0,"V93",2401
0,"V94",2254
0,"V95",2401
0,"V96",2401
0,"V97",2401
0,"V98",2401
0,"V99",2401
0,"V100",2401
0,"V101",2401
0,"V102",2401
0,"V103",2401
0,"V104",1522
0,"V105",2401
0,"V106",2401
0,"V107",2401
0,"V108",843
0,"V109",2401
0,"V110",2401
0,"V111",2401
0,"V112",2401
0,"V113",2401
0,"V114",2401
0,"V115",385
0,"V116",2401
0,"V117",2401
0,"V118",2401
0,"V119",2401
0,"V120",2401
0,"V121",2401
0,"V122",2401
0,"V123",2401
0,"V124",2401
0,"V125",2401
0,"V126",2401
0,"V127",2401
0,"V128",2401
0,"V129",2401
0,"V130",1429
0,"V131",2401
0,"V132",194
0,"V133",2401
0,"V134",768
0,"V135",2401
0,"V136",2401
0,"V137",2401
0,"V138",2401
0,"V139",2401
0,"V140",2401
0,"V141",2401
0,"V142",2401
0,"V143",2401
0,"V144",2401
0,"V145",269
0,"V146",2401
0,"V147",2401
0,"V148",148
0,"V149",2401
0,"V150",2401
0,"V151",2401
0,"V152",2401
0,"V153",2401
0,"V154",2401
0,"V155",2401
0,"V156",2401
0,"V157",2401
0,"V158",2401
0,"V159",2401
0,"V160",2401
0,"V161",2401
0,"V162",2401
0,"V163",1031
0,"V164",2401
0,"V165",2401
0,"V166",2401
0,"V167",293
0,"V168",2401
0,"V169",2401
0,"V170",2401
0,"V171",2401
0,"V172",2401
0,"V173",2401
0,"V174",2401
0,"V175",2401
0,"V176",2401
0,"V177",2401
0,"V178",2401
0,"V179",2401
0,"V180",2401
0,"V181",2401
0,"V182",2401
0,"V183",2401
0,"V184",163
0,"V185",2401
0,"V186",2401
0,"V187",2401
0,"V188",2401
0,"V189",2401
0,"V190",2401
0,"V191",2401
0,"V192",2401
0,"V193",2401
0,"V194",2401
0,"V195",2401
0,"V196",2401
0,"V197",2401
0,"V198",290
0,"V199",2401
0,"V200",2401
0.02,"V1",2401
0.02,"V2",2401
0.02,"V3",2401
0.02,"V4",841
0.02,"V5",2401
0.02,"V6",2401
0.02,"V7",2401
0.02,"V8",2401
0.02,"V9",2401
0.02,"V10",2401
0.02,"V11",2401
0.02,"V12",540
0.02,"V13",719
0.02,"V14",2401
0.02,"V15",2401
0.02,"V16",2401
0.02,"V17",2401
0.02,"V18",2401
0.02,"V19",2401
0.02,"V20",2401
0.02,"V21",235
0.02,"V22",2401
0.02,"V23",2401
0.02,"V24",2401
0.02,"V25",2401
0.02,"V26",2401
0.02,"V27",2401
0.02,"V28",2401
0.02,"V29",2401
0.02,"V30",2401
0.02,"V31",640
0.02,"V32",2401
0.02,"V33",2401
0.02,"V34",217
0.02,"V35",2401
0.02,"V36",1040
0.02,"V37",754
0.02,"V38",2401
0.02,"V39",2401
0.02,"V40",2401
0.02,"V41",2401
0.02,"V42",2401
0.02,"V43",2401
0.02,"V44",2401
0.02,"V45",2401
0.02,"V46",2401
0.02,"V47",1572
0.02,"V48",1010
0.02,"V49",2401
0.02,"V50",698
0.02,"V51",2401
0.02,"V52",2401
0.02,"V53",2401
0.02,"V54",2401
0.02,"V55",2401
0.02,"V56",2401
0.02,"V57",2401
0.02,"V58",2401
0.02,"V59",2401
0.02,"V60",2401
0.02,"V61",2401
0.02,"V62",1837
0.02,"V63",1593
0.02,"V64",2401
0.02,"V65",2401
0.02,"V66",348
0.02,"V67",2401
0.02,"V68",2401
0.02,"V69",2401
0.02,"V70",814
0.02,"V71",2401
0.02,"V72",2401
0.02,"V73",2401
0.02,"V74",2401
0.02,"V75",808
0.02,"V76",2401
0.02,"V77",194
0.02,"V78",2401
0.02,"V79",2401
0.02,"V80",2401
0.02,"V81",2401
0.02,"V82",2401
0.02,"V83",179
0.02,"V84",2401
0.02,"V85",2401
0.02,"V86",2253
0.02,"V87",2401
0.02,"V88",2401
0.02,"V89",2401
0.02,"V90",2401
0.02,"V91",2205
0.02,"V92",2401
0.02,"V93",2401
0.02,"V94",462
0.02,"V95",2401
0.02,"V96",2401
0.02,"V97",2401
0.02,"V98",1401
0.02,"V99",2401
0.02,"V100",2401
0.02,"V101",2401
0.02,"V102",2401
0.02,"V103",2401
0.02,"V104",2401
0.02,"V105",2401
0.02,"V106",2401
0.02,"V107",1330
0.02,"V108",2401
0.02,"V109",2401
0.02,"V110",2401
0.02,"V111",2401
0.02,"V112",2297
0.02,"V113",2401
0.02,"V114",2401
0.02,"V115",2401
0.02,"V116",2401
0.02,"V117",2401
0.02,"V118",2401
0.02,"V119",2401
0.02,"V120",644
0.02,"V121",2401
0.02,"V122",2401
0.02,"V123",2401
0.02,"V124",1638
0.02,"V125",2401
0.02,"V126",2401
0.02,"V127",2401
0.02,"V128",2401
0.02,"V129",2401
0.02,"V130",2401
0.02,"V131",2401
0.02,"V132",727
0.02,"V133",2401
0.02,"V134",2401
0.02,"V135",2401
0.02,"V136",2401
0.02,"V137",2401
0.02,"V138",2401
0.02,"V139",1393
0.02,"V140",2401
0.02,"V141",2401
0.02,"V142",2401
0.02,"V143",2401
0.02,"V144",896
0.02,"V145",2401
0.02,"V146",2401
0.02,"V147",2401
0.02,"V148",2401
0.02,"V149",2401
0.02,"V150",2401
0.02,"V151",2401
0.02,"V152",2401
0.02,"V153",2401
0.02,"V154",2401
0.02,"V155",2401
0.02,"V156",2401
0.02,"V157",2401
0.02,"V158",1724
0.02,"V159",2401
0.02,"V160",2401
0.02,"V161",2401
0.02,"V162",1565
0.02,"V163",2342
0.02,"V164",1718
0.02,"V165",2401
0.02,"V166",1322
0.02,"V167",2401
0.02,"V168",2401
0.02,"V169",2401
0.02,"V170",2401
0.02,"V171",2401
0.02,"V172",1795
0.02,"V173",2401
0.02,"V174",287
0.02,"V175",352
0.02,"V176",2401
0.02,"V177",2401
0.02,"V178",2401
0.02,"V179",1304
0.02,"V180",2401
0.02,"V181",2401
0.02,"V182",2401
0.02,"V183",2401
0.02,"V184",951
0.02,"V185",2401
0.02,"V186",2401
0.02,"V187",2401
0.02,"V188",844
0.02,"V189",619
0.02,"V190",2401
0.02,"V191",2401
0.02,"V192",2401
0.02,"V193",2401
0.02,"V194",1148
0.02,"V195",2401
0.02,"V196",2401
0.02,"V197",2401
0.02,"V198",2401
0.02,"V199",2401
0.02,"V200",2401
0.04,"V1",2401
0.04,"V2",2401
0.04,"V3",1357
0.04,"V4",2401
0.04,"V5",2401
0.04,"V6",202
0.04,"V7",824
0.04,"V8",941
0.04,"V9",2401
0.04,"V10",2401
0.04,"V11",2401
0.04,"V12",2401
0.04,"V13",1327
0.04,"V14",508
0.04,"V15",2246
0.04,"V16",187
0.04,"V17",1898
0.04,"V18",2401
0.04,"V19",2401
0.04,"V20",2306
0.04,"V21",2401
0.04,"V22",2401
0.04,"V23",238
0.04,"V24",2401
0.04,"V25",1244
0.04,"V26",2401
0.04,"V27",2401
0.04,"V28",725
0.04,"V29",613
0.04,"V30",845
0.04,"V31",502
0.04,"V32",947
0.04,"V33",2125
0.04,"V34",1688
0.04,"V35",2401
0.04,"V36",977
0.04,"V37",1439
0.04,"V38",869
0.04,"V39",290
0.04,"V40",1988
0.04,"V41",953
0.04,"V42",2401
0.04,"V43",2401
0.04,"V44",2401
0.04,"V45",2401
0.04,"V46",2401
0.04,"V47",1489
0.04,"V48",2401
0.04,"V49",664
0.04,"V50",2401
0.04,"V51",981
0.04,"V52",2379
0.04,"V53",2401
0.04,"V54",2401
0.04,"V55",668
0.04,"V56",2401
0.04,"V57",1220
0.04,"V58",2401
0.04,"V59",2401
0.04,"V60",2401
0.04,"V61",1053
0.04,"V62",1208
0.04,"V63",2401
0.04,"V64",2401
0.04,"V65",1587
0.04,"V66",1118
0.04,"V67",719
0.04,"V68",2401
0.04,"V69",2401
0.04,"V70",2401
0.04,"V71",2401
0.04,"V72",2401
0.04,"V73",2401
0.04,"V74",2401
0.04,"V75",2401
0.04,"V76",2401
0.04,"V77",1673
0.04,"V78",2401
0.04,"V79",171
0.04,"V80",2401
0.04,"V81",917
0.04,"V82",926
0.04,"V83",1004
0.04,"V84",2401
0.04,"V85",732
0.04,"V86",2401
0.04,"V87",2401
0.04,"V88",1184
0.04,"V89",1109
0.04,"V90",1170
0.04,"V91",2401
0.04,"V92",2401
0.04,"V93",574
0.04,"V94",2401
0.04,"V95",2401
0.04,"V96",522
0.04,"V97",2401
0.04,"V98",2401
0.04,"V99",2401
0.04,"V100",1452
0.04,"V101",2401
0.04,"V102",300
0.04,"V103",2401
0.04,"V104",1051
0.04,"V105",407
0.04,"V106",705
0.04,"V107",843
0.04,"V108",2401
0.04,"V109",894
0.04,"V110",1225
0.04,"V111",2401
0.04,"V112",1463
0.04,"V113",812
0.04,"V114",2401
0.04,"V115",698
0.04,"V116",2401
0.04,"V117",2401
0.04,"V118",2401
0.04,"V119",2401
0.04,"V120",1513
0.04,"V121",2401
0.04,"V122",2401
0.04,"V123",2401
0.04,"V124",2401
0.04,"V125",2401
0.04,"V126",2401
0.04,"V127",324
0.04,"V128",2401
0.04,"V129",2401
0.04,"V130",2222
0.04,"V131",262
0.04,"V132",2401
0.04,"V133",1155
0.04,"V134",2401
0.04,"V135",118
0.04,"V136",2089
0.04,"V137",2401
0.04,"V138",176
0.04,"V139",946
0.04,"V140",722
0.04,"V141",2401
0.04,"V142",2401
0.04,"V143",1068
0.04,"V144",614
0.04,"V145",2401
0.04,"V146",136
0.04,"V147",2158
0.04,"V148",678
0.04,"V149",2401
0.04,"V150",2401
0.04,"V151",2401
0.04,"V152",2291
0.04,"V153",1179
0.04,"V154",2401
0.04,"V155",2401
0.04,"V156",1686
0.04,"V157",1814
0.04,"V158",1920
0.04,"V159",1588
0.04,"V160",736
0.04,"V161",2401
0.04,"V162",2401
0.04,"V163",2401
0.04,"V164",2401
0.04,"V165",2046
0.04,"V166",181
0.04,"V167",1125
0.04,"V168",498
0.04,"V169",1327
0.04,"V170",2401
0.04,"V171",2401
0.04,"V172",2401
0.04,"V173",735
0.04,"V174",1845
0.04,"V175",908
0.04,"V176",2401
0.04,"V177",2401
0.04,"V178",206
0.04,"V179",1110
0.04,"V180",2219
0.04,"V181",2401
0.04,"V182",2401
0.04,"V183",755
0.04,"V184",2401
0.04,"V185",2079
0.04,"V186",765
0.04,"V187",2401
0.04,"V188",1342
0.04,"V189",2401
0.04,"V190",2401
0.04,"V191",755
0.04,"V192",2401
0.04,"V193",2401
0.04,"V194",1069
0.04,"V195",750
0.04,"V196",1395
0.04,"V197",2401
0.04,"V198",2401
0.04,"V199",2401
0.04,"V200",1400
0.06,"V1",2273
0.06,"V2",836
0.06,"V3",1108
0.06,"V4",1500
0.06,"V5",769
0.06,"V6",917
0.06,"V7",162
0.06,"V8",1093
0.06,"V9",726
0.06,"V10",487
0.06,"V11",871
0.06,"V12",1202
0.06,"V13",2401
0.06,"V14",1089
0.06,"V15",2401
0.06,"V16",694
0.06,"V17",1171
0.06,"V18",683
0.06,"V19",346
0.06,"V20",794
0.06,"V21",1500
0.06,"V22",876
0.06,"V23",2401
0.06,"V24",1321
0.06,"V25",663
0.06,"V26",661
0.06,"V27",753
0.06,"V28",2401
0.06,"V29",858
0.06,"V30",825
0.06,"V31",1286
0.06,"V32",893
0.06,"V33",1875
0.06,"V34",906
0.06,"V35",731
0.06,"V36",1215
0.06,"V37",1028
0.06,"V38",997
0.06,"V39",1553
0.06,"V40",1326
0.06,"V41",1063
0.06,"V42",810
0.06,"V43",2401
0.06,"V44",1053
0.06,"V45",984
0.06,"V46",1626
0.06,"V47",897
0.06,"V48",990
0.06,"V49",902
0.06,"V50",932
0.06,"V51",740
0.06,"V52",694
0.06,"V53",1437
0.06,"V54",1391
0.06,"V55",2343
0.06,"V56",2401
0.06,"V57",2401
0.06,"V58",2401
0.06,"V59",1252
0.06,"V60",720
0.06,"V61",894
0.06,"V62",1448
0.06,"V63",2401
0.06,"V64",1012
0.06,"V65",1737
0.06,"V66",1201
0.06,"V67",737
0.06,"V68",2401
0.06,"V69",961
0.06,"V70",2401
0.06,"V71",929
0.06,"V72",820
0.06,"V73",2401
0.06,"V74",333
0.06,"V75",2401
0.06,"V76",1046
0.06,"V77",2401
0.06,"V78",1794
0.06,"V79",1068
0.06,"V80",2401
0.06,"V81",160
0.06,"V82",250
0.06,"V83",941
0.06,"V84",531
0.06,"V85",1670
0.06,"V86",1282
0.06,"V87",2401
0.06,"V88",1427
0.06,"V89",2401
0.06,"V90",2401
0.06,"V91",1345
0.06,"V92",208
0.06,"V93",1839
0.06,"V94",2401
0.06,"V95",2401
0.06,"V96",910
0.06,"V97",1122
0.06,"V98",865
0.06,"V99",1143
0.06,"V100",654
0.06,"V101",204
0.06,"V102",1791
0.06,"V103",2401
0.06,"V104",1079
0.06,"V105",911
0.06,"V106",2401
0.06,"V107",2401
0.06,"V108",698
0.06,"V109",1009
0.06,"V110",755
0.06,"V111",1448
0.06,"V112",581
0.06,"V113",834
0.06,"V114",2401
0.06,"V115",296
0.06,"V116",1977
0.06,"V117",877
0.06,"V118",2401
0.06,"V119",1379
0.06,"V120",1831
0.06,"V121",2003
0.06,"V122",773
0.06,"V123",1778
0.06,"V124",177
0.06,"V125",887
0.06,"V126",843
0.06,"V127",2401
0.06,"V128",1042
0.06,"V129",805
0.06,"V130",1530
0.06,"V131",914
0.06,"V132",1435
0.06,"V133",1049
0.06,"V134",885
0.06,"V135",1214
0.06,"V136",740
0.06,"V137",691
0.06,"V138",654
0.06,"V139",984
0.06,"V140",807
0.06,"V141",1053
0.06,"V142",2401
0.06,"V143",2401
0.06,"V144",1101
0.06,"V145",2401
0.06,"V146",835
0.06,"V147",673
0.06,"V148",1141
0.06,"V149",665
0.06,"V150",698
0.06,"V151",816
0.06,"V152",819
0.06,"V153",1173
0.06,"V154",1697
0.06,"V155",1271
0.06,"V156",777
0.06,"V157",2401
0.06,"V158",698
0.06,"V159",1408
0.06,"V160",935
0.06,"V161",2401
0.06,"V162",1645
0.06,"V163",1141
0.06,"V164",764
0.06,"V165",1331
0.06,"V166",759
0.06,"V167",2401
0.06,"V168",475
0.06,"V169",1439
0.06,"V170",885
0.06,"V171",843
0.06,"V172",606
0.06,"V173",1295
0.06,"V174",2034
0.06,"V175",687
0.06,"V176",1129
0.06,"V177",2401
0.06,"V178",2401
0.06,"V179",891
0.06,"V180",807
0.06,"V181",863
0.06,"V182",436
0.06,"V183",2401
0.06,"V184",770
0.06,"V185",2212
0.06,"V186",1109
0.06,"V187",647
0.06,"V188",1971
0.06,"V189",1402
0.06,"V190",768
0.06,"V191",228
0.06,"V192",1768
0.06,"V193",1938
0.06,"V194",774
0.06,"V195",1686
0.06,"V196",2260
0.06,"V197",2401
0.06,"V198",1155
0.06,"V199",1402
0.06,"V200",340
0.08,"V1",378
0.08,"V2",801
0.08,"V3",937
0.08,"V4",882
0.08,"V5",704
0.08,"V6",670
0.08,"V7",709
0.08,"V8",733
0.08,"V9",214
0.08,"V10",760
0.08,"V11",2121
0.08,"V12",662
0.08,"V13",1059
0.08,"V14",213
0.08,"V15",751
0.08,"V16",948
0.08,"V17",804
0.08,"V18",695
0.08,"V19",666
0.08,"V20",673
0.08,"V21",158
0.08,"V22",944
0.08,"V23",784
0.08,"V24",655
0.08,"V25",918
0.08,"V26",1687
0.08,"V27",829
0.08,"V28",985
0.08,"V29",809
0.08,"V30",577
0.08,"V31",928
0.08,"V32",820
0.08,"V33",255
0.08,"V34",869
0.08,"V35",1218
0.08,"V36",724
0.08,"V37",768
0.08,"V38",766
0.08,"V39",855
0.08,"V40",1607
0.08,"V41",241
0.08,"V42",897
0.08,"V43",677
0.08,"V44",830
0.08,"V45",1026
0.08,"V46",726
0.08,"V47",712
0.08,"V48",754
0.08,"V49",748
0.08,"V50",776
0.08,"V51",1013
0.08,"V52",800
0.08,"V53",710
0.08,"V54",1068
0.08,"V55",2401
0.08,"V56",769
0.08,"V57",1963
0.08,"V58",1331
0.08,"V59",503
0.08,"V60",727
0.08,"V61",694
0.08,"V62",209
0.08,"V63",1013
0.08,"V64",1254
0.08,"V65",1342
0.08,"V66",238
0.08,"V67",933
0.08,"V68",957
0.08,"V69",187
0.08,"V70",1097
0.08,"V71",725
0.08,"V72",959
0.08,"V73",1003
0.08,"V74",837
0.08,"V75",209
0.08,"V76",950
0.08,"V77",727
0.08,"V78",1951
0.08,"V79",760
0.08,"V80",770
0.08,"V81",373
0.08,"V82",815
0.08,"V83",1385
0.08,"V84",803
0.08,"V85",321
0.08,"V86",814
0.08,"V87",794
0.08,"V88",516
0.08,"V89",1798
0.08,"V90",789
0.08,"V91",730
0.08,"V92",959
0.08,"V93",793
0.08,"V94",883
0.08,"V95",2238
0.08,"V96",699
0.08,"V97",1211
0.08,"V98",694
0.08,"V99",884
0.08,"V100",679
0.08,"V101",705
0.08,"V102",328
0.08,"V103",767
0.08,"V104",922
0.08,"V105",1077
0.08,"V106",936
0.08,"V107",966
0.08,"V108",704
0.08,"V109",1044
0.08,"V110",1003
0.08,"V111",818
0.08,"V112",765
0.08,"V113",704
0.08,"V114",686
0.08,"V115",919
0.08,"V116",947
0.08,"V117",750
0.08,"V118",696
0.08,"V119",1199
0.08,"V120",907
0.08,"V121",1136
0.08,"V122",743
0.08,"V123",334
0.08,"V124",770
0.08,"V125",229
0.08,"V126",892
0.08,"V127",1468
0.08,"V128",919
0.08,"V129",1191
0.08,"V130",868
0.08,"V131",2119
0.08,"V132",776
0.08,"V133",1375
0.08,"V134",893
0.08,"V135",168
0.08,"V136",834
0.08,"V137",993
0.08,"V138",1522
0.08,"V139",762
0.08,"V140",652
0.08,"V141",840
0.08,"V142",863
0.08,"V143",796
0.08,"V144",781
0.08,"V145",1772
0.08,"V146",1338
0.08,"V147",737
0.08,"V148",879
0.08,"V149",1075
0.08,"V150",859
0.08,"V151",915
0.08,"V152",590
0.08,"V153",762
0.08,"V154",622
0.08,"V155",981
0.08,"V156",726
0.08,"V157",828
0.08,"V158",632
0.08,"V159",2401
0.08,"V160",749
0.08,"V161",725
0.08,"V162",952
0.08,"V163",716
0.08,"V164",739
0.08,"V165",862
0.08,"V166",1198
0.08,"V167",661
0.08,"V168",827
0.08,"V169",948
0.08,"V170",744
0.08,"V171",1154
0.08,"V172",1128
0.08,"V173",891
0.08,"V174",1060
0.08,"V175",814
0.08,"V176",852
0.08,"V177",669
0.08,"V178",679
0.08,"V179",382
0.08,"V180",808
0.08,"V181",935
0.08,"V182",1062
0.08,"V183",913
0.08,"V184",741
0.08,"V185",210
0.08,"V186",703
0.08,"V187",953
0.08,"V188",844
0.08,"V189",1154
0.08,"V190",748
0.08,"V191",704
0.08,"V192",778
0.08,"V193",1279
0.08,"V194",881
0.08,"V195",775
0.08,"V196",830
0.08,"V197",2279
0.08,"V198",1151
0.08,"V199",1028
0.08,"V200",178
0.1,"V1",770
0.1,"V2",899
0.1,"V3",703
0.1,"V4",750
0.1,"V5",716
0.1,"V6",719
0.1,"V7",708
0.1,"V8",706
0.1,"V9",1136
0.1,"V10",270
0.1,"V11",801
0.1,"V12",670
0.1,"V13",702
0.1,"V14",1040
0.1,"V15",840
0.1,"V16",723
0.1,"V17",1073
0.1,"V18",711
0.1,"V19",728
0.1,"V20",745
0.1,"V21",554
0.1,"V22",807
0.1,"V23",693
0.1,"V24",758
0.1,"V25",873
0.1,"V26",719
0.1,"V27",737
0.1,"V28",729
0.1,"V29",266
0.1,"V30",719
0.1,"V31",799
0.1,"V32",1135
0.1,"V33",840
0.1,"V34",1097
0.1,"V35",721
0.1,"V36",805
0.1,"V37",641
0.1,"V38",788
0.1,"V39",782
0.1,"V40",662
0.1,"V41",859
0.1,"V42",833
0.1,"V43",677
0.1,"V44",742
0.1,"V45",1027
0.1,"V46",809
0.1,"V47",739
0.1,"V48",844
0.1,"V49",1025
0.1,"V50",707
0.1,"V51",842
0.1,"V52",764
0.1,"V53",697
0.1,"V54",625
0.1,"V55",930
0.1,"V56",895
0.1,"V57",955
0.1,"V58",720
0.1,"V59",639
0.1,"V60",797
0.1,"V61",729
0.1,"V62",819
0.1,"V63",927
0.1,"V64",695
0.1,"V65",1062
0.1,"V66",771
0.1,"V67",859
0.1,"V68",902
0.1,"V69",782
0.1,"V70",1032
0.1,"V71",903
0.1,"V72",772
0.1,"V73",720
0.1,"V74",769
0.1,"V75",728
0.1,"V76",703
0.1,"V77",673
0.1,"V78",734
0.1,"V79",971
0.1,"V80",948
0.1,"V81",266
0.1,"V82",203
0.1,"V83",481
0.1,"V84",730
0.1,"V85",751
0.1,"V86",778
0.1,"V87",715
0.1,"V88",801
0.1,"V89",229
0.1,"V90",1621
0.1,"V91",915
0.1,"V92",815
0.1,"V93",728
0.1,"V94",956
0.1,"V95",711
0.1,"V96",716
0.1,"V97",708
0.1,"V98",680
0.1,"V99",789
0.1,"V100",818
0.1,"V101",793
0.1,"V102",963
0.1,"V103",1077
0.1,"V104",796
0.1,"V105",783
0.1,"V106",708
0.1,"V107",753
0.1,"V108",686
0.1,"V109",728
0.1,"V110",682
0.1,"V111",889
0.1,"V112",912
0.1,"V113",733
0.1,"V114",872
0.1,"V115",775
0.1,"V116",692
0.1,"V117",879
0.1,"V118",1148
0.1,"V119",1338
0.1,"V120",765
0.1,"V121",509
0.1,"V122",804
0.1,"V123",790
0.1,"V124",837
0.1,"V125",882
0.1,"V126",755
0.1,"V127",785
0.1,"V128",705
0.1,"V129",1062
0.1,"V130",715
0.1,"V131",760
0.1,"V132",988
0.1,"V133",703
0.1,"V134",690
0.1,"V135",784
0.1,"V136",750
0.1,"V137",784
0.1,"V138",744
0.1,"V139",782
0.1,"V140",1072
0.1,"V141",815
0.1,"V142",707
0.1,"V143",146
0.1,"V144",704
0.1,"V145",678
0.1,"V146",808
0.1,"V147",680
0.1,"V148",880
0.1,"V149",914
0.1,"V150",846
0.1,"V151",802
0.1,"V152",650
0.1,"V153",883
0.1,"V154",737
0.1,"V155",866
0.1,"V156",708
0.1,"V157",755
0.1,"V158",838
0.1,"V159",826
0.1,"V160",1122
0.1,"V161",1046
0.1,"V162",1346
0.1,"V163",428
0.1,"V164",892
0.1,"V165",439
0.1,"V166",739
0.1,"V167",693
0.1,"V168",668
0.1,"V169",1105
0.1,"V170",689
0.1,"V171",838
0.1,"V172",836
0.1,"V173",972
0.1,"V174",698
0.1,"V175",812
0.1,"V176",817
0.1,"V177",754
0.1,"V178",226
0.1,"V179",902
0.1,"V180",748
0.1,"V181",752
0.1,"V182",295
0.1,"V183",986
0.1,"V184",747
0.1,"V185",778
0.1,"V186",989
0.1,"V187",838
0.1,"V188",811
0.1,"V189",689
0.1,"V190",1092
0.1,"V191",787
0.1,"V192",786
0.1,"V193",725
0.1,"V194",703
0.1,"V195",724
0.1,"V196",714
0.1,"V197",731
0.1,"V198",1006
0.1,"V199",718
0.1,"V200",721
0.12,"V1",839
0.12,"V2",757
0.12,"V3",836
0.12,"V4",639
0.12,"V5",680
0.12,"V6",890
0.12,"V7",704
0.12,"V8",708
0.12,"V9",770
0.12,"V10",217
0.12,"V11",653
0.12,"V12",759
0.12,"V13",693
0.12,"V14",778
0.12,"V15",893
0.12,"V16",725
0.12,"V17",835
0.12,"V18",659
0.12,"V19",752
0.12,"V20",709
0.12,"V21",811
0.12,"V22",687
0.12,"V23",747
0.12,"V24",691
0.12,"V25",928
0.12,"V26",843
0.12,"V27",805
0.12,"V28",724
0.12,"V29",689
0.12,"V30",710
0.12,"V31",705
0.12,"V32",285
0.12,"V33",793
0.12,"V34",726
0.12,"V35",788
0.12,"V36",666
0.12,"V37",650
0.12,"V38",845
0.12,"V39",643
0.12,"V40",680
0.12,"V41",758
0.12,"V42",817
0.12,"V43",204
0.12,"V44",731
0.12,"V45",735
0.12,"V46",697
0.12,"V47",747
0.12,"V48",837
0.12,"V49",830
0.12,"V50",693
0.12,"V51",706
0.12,"V52",658
0.12,"V53",671
0.12,"V54",302
0.12,"V55",754
0.12,"V56",819
0.12,"V57",798
0.12,"V58",696
0.12,"V59",727
0.12,"V60",715
0.12,"V61",711
0.12,"V62",924
0.12,"V63",807
0.12,"V64",778
0.12,"V65",159
0.12,"V66",798
0.12,"V67",591
0.12,"V68",875
0.12,"V69",747
0.12,"V70",811
0.12,"V71",731
0.12,"V72",697
0.12,"V73",782
0.12,"V74",718
0.12,"V75",761
0.12,"V76",687
0.12,"V77",751
0.12,"V78",692
0.12,"V79",793
0.12,"V80",775
0.12,"V81",722
0.12,"V82",904
0.12,"V83",710
0.12,"V84",724
0.12,"V85",836
0.12,"V86",699
0.12,"V87",678
0.12,"V88",703
0.12,"V89",780
0.12,"V90",742
0.12,"V91",822
0.12,"V92",730
0.12,"V93",705
0.12,"V94",691
0.12,"V95",781
0.12,"V96",656
0.12,"V97",1299
0.12,"V98",789
0.12,"V99",675
0.12,"V100",295
0.12,"V101",654
0.12,"V102",879
0.12,"V103",733
0.12,"V104",763
0.12,"V105",716
0.12,"V106",731
0.12,"V107",669
0.12,"V108",867
0.12,"V109",754
0.12,"V110",687
0.12,"V111",673
0.12,"V112",240
0.12,"V113",723
0.12,"V114",952
0.12,"V115",719
0.12,"V116",687
0.12,"V117",793
0.12,"V118",865
0.12,"V119",1250
0.12,"V120",783
0.12,"V121",999
0.12,"V122",679
0.12,"V123",683
0.12,"V124",760
0.12,"V125",842
0.12,"V126",823
0.12,"V127",685
0.12,"V128",872
0.12,"V129",685
0.12,"V130",863
0.12,"V131",803
0.12,"V132",679
0.12,"V133",731
0.12,"V134",722
0.12,"V135",963
0.12,"V136",742
0.12,"V137",815
0.12,"V138",812
0.12,"V139",760
0.12,"V140",674
0.12,"V141",647
0.12,"V142",207
0.12,"V143",783
0.12,"V144",625
0.12,"V145",758
0.12,"V146",236
0.12,"V147",696
0.12,"V148",651
0.12,"V149",526
0.12,"V150",735
0.12,"V151",198
0.12,"V152",767
0.12,"V153",785
0.12,"V154",695
0.12,"V155",997
0.12,"V156",720
0.12,"V157",773
0.12,"V158",649
0.12,"V159",674
0.12,"V160",682
0.12,"V161",631
0.12,"V162",698
0.12,"V163",813
0.12,"V164",727
0.12,"V165",654
0.12,"V166",398
0.12,"V167",747
0.12,"V168",785
0.12,"V169",334
0.12,"V170",873
0.12,"V171",683
0.12,"V172",708
0.12,"V173",699
0.12,"V174",650
0.12,"V175",800
0.12,"V176",874
0.12,"V177",283
0.12,"V178",667
0.12,"V179",707
0.12,"V180",640
0.12,"V181",708
0.12,"V182",723
0.12,"V183",731
0.12,"V184",751
0.12,"V185",906
0.12,"V186",689
0.12,"V187",745
0.12,"V188",763
0.12,"V189",662
0.12,"V190",762
0.12,"V191",866
0.12,"V192",765
0.12,"V193",553
0.12,"V194",743
0.12,"V195",710
0.12,"V196",689
0.12,"V197",710
0.12,"V198",702
0.12,"V199",467
0.12,"V200",684
0.14,"V1",682
0.14,"V2",728
0.14,"V3",680
0.14,"V4",651
0.14,"V5",721
0.14,"V6",719
0.14,"V7",709
0.14,"V8",713
0.14,"V9",698
0.14,"V10",721
0.14,"V11",723
0.14,"V12",682
0.14,"V13",484
0.14,"V14",726
0.14,"V15",678
0.14,"V16",644
0.14,"V17",688
0.14,"V18",444
0.14,"V19",698
0.14,"V20",702
0.14,"V21",747
0.14,"V22",663
0.14,"V23",792
0.14,"V24",810
0.14,"V25",762
0.14,"V26",635
0.14,"V27",654
0.14,"V28",768
0.14,"V29",767
0.14,"V30",711
0.14,"V31",743
0.14,"V32",690
0.14,"V33",795
0.14,"V34",677
0.14,"V35",819
0.14,"V36",728
0.14,"V37",760
0.14,"V38",676
0.14,"V39",741
0.14,"V40",705
0.14,"V41",764
0.14,"V42",793
0.14,"V43",513
0.14,"V44",734
0.14,"V45",677
0.14,"V46",661
0.14,"V47",694
0.14,"V48",722
0.14,"V49",696
0.14,"V50",308
0.14,"V51",683
0.14,"V52",683
0.14,"V53",685
0.14,"V54",699
0.14,"V55",446
0.14,"V56",700
0.14,"V57",754
0.14,"V58",671
0.14,"V59",845
0.14,"V60",731
0.14,"V61",635
0.14,"V62",736
0.14,"V63",722
0.14,"V64",680
0.14,"V65",774
0.14,"V66",692
0.14,"V67",520
0.14,"V68",724
0.14,"V69",660
0.14,"V70",890
0.14,"V71",738
0.14,"V72",808
0.14,"V73",836
0.14,"V74",645
0.14,"V75",812
0.14,"V76",769
0.14,"V77",755
0.14,"V78",698
0.14,"V79",681
0.14,"V80",174
0.14,"V81",728
0.14,"V82",675
0.14,"V83",685
0.14,"V84",733
0.14,"V85",696
0.14,"V86",699
0.14,"V87",621
0.14,"V88",707
0.14,"V89",789
0.14,"V90",687
0.14,"V91",707
0.14,"V92",696
0.14,"V93",710
0.14,"V94",772
0.14,"V95",768
0.14,"V96",852
0.14,"V97",689
0.14,"V98",775
0.14,"V99",708
0.14,"V100",685
0.14,"V101",858
0.14,"V102",671
0.14,"V103",765
0.14,"V104",709
0.14,"V105",749
0.14,"V106",684
0.14,"V107",294
0.14,"V108",683
0.14,"V109",786
0.14,"V110",732
0.14,"V111",652
0.14,"V112",735
0.14,"V113",625
0.14,"V114",682
0.14,"V115",714
0.14,"V116",702
0.14,"V117",697
0.14,"V118",700
0.14,"V119",725
0.14,"V120",693
0.14,"V121",776
0.14,"V122",703
0.14,"V123",712
0.14,"V124",1013
0.14,"V125",678
0.14,"V126",646
0.14,"V127",393
0.14,"V128",618
0.14,"V129",648
0.14,"V130",659
0.14,"V131",756
0.14,"V132",688
0.14,"V133",706
0.14,"V134",720
0.14,"V135",732
0.14,"V136",702
0.14,"V137",842
0.14,"V138",699
0.14,"V139",666
0.14,"V140",699
0.14,"V141",757
0.14,"V142",700
0.14,"V143",801
0.14,"V144",712
0.14,"V145",682
0.14,"V146",665
0.14,"V147",698
0.14,"V148",697
0.14,"V149",691
0.14,"V150",706
0.14,"V151",964
0.14,"V152",694
0.14,"V153",656
0.14,"V154",831
0.14,"V155",668
0.14,"V156",712
0.14,"V157",740
0.14,"V158",703
0.14,"V159",695
0.14,"V160",515
0.14,"V161",656
0.14,"V162",701
0.14,"V163",713
0.14,"V164",670
0.14,"V165",838
0.14,"V166",661
0.14,"V167",683
0.14,"V168",688
0.14,"V169",909
0.14,"V170",648
0.14,"V171",635
0.14,"V172",781
0.14,"V173",463
0.14,"V174",862
0.14,"V175",654
0.14,"V176",712
0.14,"V177",676
0.14,"V178",697
0.14,"V179",666
0.14,"V180",687
0.14,"V181",708
0.14,"V182",1002
0.14,"V183",694
0.14,"V184",644
0.14,"V185",803
0.14,"V186",726
0.14,"V187",683
0.14,"V188",663
0.14,"V189",210
0.14,"V190",667
0.14,"V191",676
0.14,"V192",701
0.14,"V193",729
0.14,"V194",693
0.14,"V195",720
0.14,"V196",643
0.14,"V197",789
0.14,"V198",666
0.14,"V199",816
0.14,"V200",662
0.16,"V1",707
0.16,"V2",714
0.16,"V3",696
0.16,"V4",659
0.16,"V5",676
0.16,"V6",680
0.16,"V7",694
0.16,"V8",680
0.16,"V9",668
0.16,"V10",291
0.16,"V11",665
0.16,"V12",682
0.16,"V13",712
0.16,"V14",675
0.16,"V15",698
0.16,"V16",703
0.16,"V17",691
0.16,"V18",657
0.16,"V19",669
0.16,"V20",850
0.16,"V21",669
0.16,"V22",742
0.16,"V23",672
0.16,"V24",616
0.16,"V25",639
0.16,"V26",679
0.16,"V27",762
0.16,"V28",703
0.16,"V29",701
0.16,"V30",686
0.16,"V31",703
0.16,"V32",650
0.16,"V33",708
0.16,"V34",754
0.16,"V35",707
0.16,"V36",752
0.16,"V37",691
0.16,"V38",670
0.16,"V39",646
0.16,"V40",701
0.16,"V41",689
0.16,"V42",670
0.16,"V43",657
0.16,"V44",656
0.16,"V45",682
0.16,"V46",769
0.16,"V47",716
0.16,"V48",182
0.16,"V49",668
0.16,"V50",633
0.16,"V51",714
0.16,"V52",693
0.16,"V53",744
0.16,"V54",637
0.16,"V55",670
0.16,"V56",683
0.16,"V57",708
0.16,"V58",219
0.16,"V59",677
0.16,"V60",679
0.16,"V61",637
0.16,"V62",692
0.16,"V63",1037
0.16,"V64",715
0.16,"V65",702
0.16,"V66",728
0.16,"V67",677
0.16,"V68",420
0.16,"V69",680
0.16,"V70",629
0.16,"V71",676
0.16,"V72",699
0.16,"V73",530
0.16,"V74",727
0.16,"V75",721
0.16,"V76",680
0.16,"V77",845
0.16,"V78",393
0.16,"V79",742
0.16,"V80",763
0.16,"V81",633
0.16,"V82",657
0.16,"V83",671
0.16,"V84",665
0.16,"V85",698
0.16,"V86",374
0.16,"V87",721
0.16,"V88",684
0.16,"V89",631
0.16,"V90",648
0.16,"V91",810
0.16,"V92",696
0.16,"V93",692
0.16,"V94",657
0.16,"V95",691
0.16,"V96",695
0.16,"V97",739
0.16,"V98",655
0.16,"V99",728
0.16,"V100",693
0.16,"V101",672
0.16,"V102",667
0.16,"V103",692
0.16,"V104",706
0.16,"V105",725
0.16,"V106",206
0.16,"V107",716
0.16,"V108",690
0.16,"V109",801
0.16,"V110",707
0.16,"V111",732
0.16,"V112",667
0.16,"V113",668
0.16,"V114",696
0.16,"V115",694
0.16,"V116",729
0.16,"V117",671
0.16,"V118",732
0.16,"V119",718
0.16,"V120",770
0.16,"V121",730
0.16,"V122",682
0.16,"V123",712
0.16,"V124",686
0.16,"V125",817
0.16,"V126",691
0.16,"V127",738
0.16,"V128",737
0.16,"V129",702
0.16,"V130",731
0.16,"V131",682
0.16,"V132",701
0.16,"V133",686
0.16,"V134",695
0.16,"V135",688
0.16,"V136",671
0.16,"V137",644
0.16,"V138",702
0.16,"V139",770
0.16,"V140",707
0.16,"V141",645
0.16,"V142",434
0.16,"V143",668
0.16,"V144",673
0.16,"V145",666
0.16,"V146",745
0.16,"V147",655
0.16,"V148",685
0.16,"V149",683
0.16,"V150",674
0.16,"V151",737
0.16,"V152",664
0.16,"V153",690
0.16,"V154",546
0.16,"V155",679
0.16,"V156",667
0.16,"V157",667
0.16,"V158",701
0.16,"V159",669
0.16,"V160",443
0.16,"V161",180
0.16,"V162",687
0.16,"V163",647
0.16,"V164",669
0.16,"V165",555
0.16,"V166",657
0.16,"V167",647
0.16,"V168",654
0.16,"V169",832
0.16,"V170",727
0.16,"V171",681
0.16,"V172",687
0.16,"V173",726
0.16,"V174",761
0.16,"V175",704
0.16,"V176",679
0.16,"V177",679
0.16,"V178",751
0.16,"V179",691
0.16,"V180",694
0.16,"V181",665
0.16,"V182",686
0.16,"V183",752
0.16,"V184",730
0.16,"V185",664
0.16,"V186",668
0.16,"V187",744
0.16,"V188",726
0.16,"V189",658
0.16,"V190",692
0.16,"V191",712
0.16,"V192",702
0.16,"V193",662
0.16,"V194",668
0.16,"V195",647
0.16,"V196",679
0.16,"V197",710
0.16,"V198",677
0.16,"V199",673
0.16,"V200",630
0.18,"V1",672
0.18,"V2",661
0.18,"V3",682
0.18,"V4",700
0.18,"V5",680
0.18,"V6",627
0.18,"V7",665
0.18,"V8",775
0.18,"V9",687
0.18,"V10",734
0.18,"V11",663
0.18,"V12",679
0.18,"V13",676
0.18,"V14",356
0.18,"V15",309
0.18,"V16",714
0.18,"V17",656
0.18,"V18",669
0.18,"V19",738
0.18,"V20",734
0.18,"V21",717
0.18,"V22",691
0.18,"V23",739
0.18,"V24",629
0.18,"V25",695
0.18,"V26",705
0.18,"V27",705
0.18,"V28",324
0.18,"V29",687
0.18,"V30",675
0.18,"V31",654
0.18,"V32",677
0.18,"V33",683
0.18,"V34",611
0.18,"V35",691
0.18,"V36",678
0.18,"V37",701
0.18,"V38",683
0.18,"V39",701
0.18,"V40",681
0.18,"V41",661
0.18,"V42",691
0.18,"V43",708
0.18,"V44",679
0.18,"V45",686
0.18,"V46",635
0.18,"V47",691
0.18,"V48",641
0.18,"V49",781
0.18,"V50",639
0.18,"V51",684
0.18,"V52",666
0.18,"V53",643
0.18,"V54",699
0.18,"V55",667
0.18,"V56",223
0.18,"V57",366
0.18,"V58",650
0.18,"V59",658
0.18,"V60",666
0.18,"V61",699
0.18,"V62",673
0.18,"V63",684
0.18,"V64",717
0.18,"V65",657
0.18,"V66",659
0.18,"V67",649
0.18,"V68",686
0.18,"V69",653
0.18,"V70",659
0.18,"V71",228
0.18,"V72",504
0.18,"V73",660
0.18,"V74",702
0.18,"V75",631
0.18,"V76",662
0.18,"V77",685
0.18,"V78",738
0.18,"V79",700
0.18,"V80",668
0.18,"V81",649
0.18,"V82",718
0.18,"V83",727
0.18,"V84",755
0.18,"V85",712
0.18,"V86",732
0.18,"V87",686
0.18,"V88",650
0.18,"V89",684
0.18,"V90",697
0.18,"V91",220
0.18,"V92",701
0.18,"V93",682
0.18,"V94",696
0.18,"V95",665
0.18,"V96",647
0.18,"V97",684
0.18,"V98",674
0.18,"V99",226
0.18,"V100",657
0.18,"V101",682
0.18,"V102",676
0.18,"V103",682
0.18,"V104",622
0.18,"V105",694
0.18,"V106",667
0.18,"V107",676
0.18,"V108",671
0.18,"V109",706
0.18,"V110",710
0.18,"V111",681
0.18,"V112",674
0.18,"V113",701
0.18,"V114",507
0.18,"V115",644
0.18,"V116",678
0.18,"V117",686
0.18,"V118",713
0.18,"V119",718
0.18,"V120",734
0.18,"V121",670
0.18,"V122",684
0.18,"V123",672
0.18,"V124",669
0.18,"V125",646
0.18,"V126",738
0.18,"V127",694
0.18,"V128",673
0.18,"V129",668
0.18,"V130",648
0.18,"V131",711
0.18,"V132",686
0.18,"V133",714
0.18,"V134",694
0.18,"V135",691
0.18,"V136",726
0.18,"V137",694
0.18,"V138",674
0.18,"V139",694
0.18,"V140",674
0.18,"V141",675
0.18,"V142",671
0.18,"V143",663
0.18,"V144",690
0.18,"V145",543
0.18,"V146",662
0.18,"V147",652
0.18,"V148",683
0.18,"V149",667
0.18,"V150",641
0.18,"V151",674
0.18,"V152",655
0.18,"V153",727
0.18,"V154",655
0.18,"V155",658
0.18,"V156",675
0.18,"V157",672
0.18,"V158",696
0.18,"V159",639
0.18,"V160",255
0.18,"V161",715
0.18,"V162",672
0.18,"V163",661
0.18,"V164",289
0.18,"V165",681
0.18,"V166",708
0.18,"V167",340
0.18,"V168",652
0.18,"V169",731
0.18,"V170",676
0.18,"V171",689
0.18,"V172",688
0.18,"V173",632
0.18,"V174",654
0.18,"V175",679
0.18,"V176",698
0.18,"V177",688
0.18,"V178",681
0.18,"V179",687
0.18,"V180",746
0.18,"V181",661
0.18,"V182",693
0.18,"V183",688
0.18,"V184",677
0.18,"V185",664
0.18,"V186",657
0.18,"V187",643
0.18,"V188",674
0.18,"V189",715
0.18,"V190",667
0.18,"V191",646
0.18,"V192",688
0.18,"V193",284
0.18,"V194",692
0.18,"V195",399
0.18,"V196",671
0.18,"V197",644
0.18,"V198",662
0.18,"V199",661
0.18,"V200",659
0.2,"V1",663
0.2,"V2",722
0.2,"V3",702
0.2,"V4",654
0.2,"V5",667
0.2,"V6",649
0.2,"V7",681
0.2,"V8",653
0.2,"V9",669
0.2,"V10",644
0.2,"V11",701
0.2,"V12",692
0.2,"V13",690
0.2,"V14",679
0.2,"V15",668
0.2,"V16",651
0.2,"V17",680
0.2,"V18",698
0.2,"V19",689
0.2,"V20",654
0.2,"V21",726
0.2,"V22",740
0.2,"V23",669
0.2,"V24",667
0.2,"V25",709
0.2,"V26",662
0.2,"V27",662
0.2,"V28",656
0.2,"V29",675
0.2,"V30",688
0.2,"V31",736
0.2,"V32",672
0.2,"V33",646
0.2,"V34",680
0.2,"V35",571
0.2,"V36",766
0.2,"V37",656
0.2,"V38",166
0.2,"V39",680
0.2,"V40",649
0.2,"V41",713
0.2,"V42",295
0.2,"V43",266
0.2,"V44",638
0.2,"V45",457
0.2,"V46",645
0.2,"V47",647
0.2,"V48",641
0.2,"V49",664
0.2,"V50",700
0.2,"V51",676
0.2,"V52",672
0.2,"V53",669
0.2,"V54",646
0.2,"V55",675
0.2,"V56",648
0.2,"V57",670
0.2,"V58",620
0.2,"V59",699
0.2,"V60",707
0.2,"V61",683
0.2,"V62",186
0.2,"V63",697
0.2,"V64",665
0.2,"V65",715
0.2,"V66",686
0.2,"V67",674
0.2,"V68",682
0.2,"V69",704
0.2,"V70",697
0.2,"V71",646
0.2,"V72",685
0.2,"V73",646
0.2,"V74",666
0.2,"V75",680
0.2,"V76",692
0.2,"V77",686
0.2,"V78",651
0.2,"V79",664
0.2,"V80",655
0.2,"V81",674
0.2,"V82",698
0.2,"V83",654
0.2,"V84",344
0.2,"V85",649
0.2,"V86",646
0.2,"V87",690
0.2,"V88",658
0.2,"V89",671
0.2,"V90",663
0.2,"V91",714
0.2,"V92",656
0.2,"V93",650
0.2,"V94",741
0.2,"V95",645
0.2,"V96",696
0.2,"V97",679
0.2,"V98",683
0.2,"V99",673
0.2,"V100",678
0.2,"V101",683
0.2,"V102",661
0.2,"V103",680
0.2,"V104",663
0.2,"V105",709
0.2,"V106",672
0.2,"V107",672
0.2,"V108",684
0.2,"V109",704
0.2,"V110",681
0.2,"V111",658
0.2,"V112",654
0.2,"V113",688
0.2,"V114",670
0.2,"V115",673
0.2,"V116",662
0.2,"V117",679
0.2,"V118",704
0.2,"V119",688
0.2,"V120",652
0.2,"V121",627
0.2,"V122",671
0.2,"V123",689
0.2,"V124",662
0.2,"V125",678
0.2,"V126",691
0.2,"V127",645
0.2,"V128",664
0.2,"V129",750
0.2,"V130",700
0.2,"V131",676
0.2,"V132",696
0.2,"V133",664
0.2,"V134",643
0.2,"V135",682
0.2,"V136",695
0.2,"V137",711
0.2,"V138",667
0.2,"V139",712
0.2,"V140",682
0.2,"V141",642
0.2,"V142",683
0.2,"V143",712
0.2,"V144",643
0.2,"V145",673
0.2,"V146",643
0.2,"V147",630
0.2,"V148",744
0.2,"V149",666
0.2,"V150",658
0.2,"V151",696
0.2,"V152",680
0.2,"V153",665
0.2,"V154",645
0.2,"V155",701
0.2,"V156",646
0.2,"V157",749
0.2,"V158",748
0.2,"V159",695
0.2,"V160",675
0.2,"V161",660
0.2,"V162",444
0.2,"V163",673
0.2,"V164",667
0.2,"V165",668
0.2,"V166",662
0.2,"V167",645
0.2,"V168",683
0.2,"V169",697
0.2,"V170",675
0.2,"V171",678
0.2,"V172",684
0.2,"V173",673
0.2,"V174",672
0.2,"V175",686
0.2,"V176",660
0.2,"V177",217
0.2,"V178",639
0.2,"V179",700
0.2,"V180",669
0.2,"V181",657
0.2,"V182",661
0.2,"V183",649
0.2,"V184",726
0.2,"V185",681
0.2,"V186",691
0.2,"V187",699
0.2,"V188",656
0.2,"V189",726
0.2,"V190",679
0.2,"V191",717
0.2,"V192",695
0.2,"V193",655
0.2,"V194",679
0.2,"V195",670
0.2,"V196",713
0.2,"V197",695
0.2,"V198",655
0.2,"V199",634
0.2,"V200",668
0.22,"V1",661
0.22,"V2",741
0.22,"V3",651
0.22,"V4",661
0.22,"V5",673
0.22,"V6",657
0.22,"V7",686
0.22,"V8",335
0.22,"V9",674
0.22,"V10",617
0.22,"V11",664
0.22,"V12",658
0.22,"V13",677
0.22,"V14",672
0.22,"V15",642
0.22,"V16",658
0.22,"V17",677
0.22,"V18",660
0.22,"V19",691
0.22,"V20",649
0.22,"V21",664
0.22,"V22",197
0.22,"V23",677
0.22,"V24",656
0.22,"V25",658
0.22,"V26",655
0.22,"V27",631
0.22,"V28",308
0.22,"V29",642
0.22,"V30",703
0.22,"V31",700
0.22,"V32",725
0.22,"V33",210
0.22,"V34",643
0.22,"V35",651
0.22,"V36",683
0.22,"V37",655
0.22,"V38",304
0.22,"V39",659
0.22,"V40",656
0.22,"V41",691
0.22,"V42",683
0.22,"V43",635
0.22,"V44",694
0.22,"V45",666
0.22,"V46",644
0.22,"V47",682
0.22,"V48",645
0.22,"V49",626
0.22,"V50",647
0.22,"V51",674
0.22,"V52",678
0.22,"V53",671
0.22,"V54",663
0.22,"V55",641
0.22,"V56",641
0.22,"V57",688
0.22,"V58",652
0.22,"V59",664
0.22,"V60",679
0.22,"V61",674
0.22,"V62",691
0.22,"V63",644
0.22,"V64",660
0.22,"V65",661
0.22,"V66",677
0.22,"V67",687
0.22,"V68",646
0.22,"V69",658
0.22,"V70",649
0.22,"V71",365
0.22,"V72",681
0.22,"V73",659
0.22,"V74",662
0.22,"V75",750
0.22,"V76",635
0.22,"V77",695
0.22,"V78",691
0.22,"V79",657
0.22,"V80",674
0.22,"V81",643
0.22,"V82",664
0.22,"V83",663
0.22,"V84",655
0.22,"V85",685
0.22,"V86",691
0.22,"V87",694
0.22,"V88",723
0.22,"V89",670
0.22,"V90",662
0.22,"V91",648
0.22,"V92",674
0.22,"V93",649
0.22,"V94",634
0.22,"V95",654
0.22,"V96",677
0.22,"V97",567
0.22,"V98",637
0.22,"V99",707
0.22,"V100",635
0.22,"V101",657
0.22,"V102",689
0.22,"V103",672
0.22,"V104",677
0.22,"V105",648
0.22,"V106",174
0.22,"V107",689
0.22,"V108",635
0.22,"V109",690
0.22,"V110",668
0.22,"V111",670
0.22,"V112",651
0.22,"V113",680
0.22,"V114",641
0.22,"V115",665
0.22,"V116",721
0.22,"V117",158
0.22,"V118",677
0.22,"V119",668
0.22,"V120",671
0.22,"V121",675
0.22,"V122",721
0.22,"V123",649
0.22,"V124",650
0.22,"V125",720
0.22,"V126",220
0.22,"V127",734
0.22,"V128",669
0.22,"V129",660
0.22,"V130",655
0.22,"V131",424
0.22,"V132",678
0.22,"V133",661
0.22,"V134",661
0.22,"V135",653
0.22,"V136",640
0.22,"V137",672
0.22,"V138",678
0.22,"V139",658
0.22,"V140",696
0.22,"V141",668
0.22,"V142",657
0.22,"V143",686
0.22,"V144",648
0.22,"V145",284
0.22,"V146",668
0.22,"V147",675
0.22,"V148",532
0.22,"V149",637
0.22,"V150",689
0.22,"V151",673
0.22,"V152",688
0.22,"V153",667
0.22,"V154",622
0.22,"V155",163
0.22,"V156",675
0.22,"V157",630
0.22,"V158",662
0.22,"V159",649
0.22,"V160",655
0.22,"V161",445
0.22,"V162",681
0.22,"V163",660
0.22,"V164",641
0.22,"V165",641
0.22,"V166",624
0.22,"V167",666
0.22,"V168",548
0.22,"V169",650
0.22,"V170",291
0.22,"V171",639
0.22,"V172",707
0.22,"V173",695
0.22,"V174",720
0.22,"V175",723
0.22,"V176",663
0.22,"V177",664
0.22,"V178",632
0.22,"V179",665
0.22,"V180",638
0.22,"V181",655
0.22,"V182",636
0.22,"V183",675
0.22,"V184",697
0.22,"V185",681
0.22,"V186",682
0.22,"V187",631
0.22,"V188",660
0.22,"V189",696
0.22,"V190",672
0.22,"V191",673
0.22,"V192",692
0.22,"V193",637
0.22,"V194",687
0.22,"V195",667
0.22,"V196",658
0.22,"V197",655
0.22,"V198",672
0.22,"V199",633
0.22,"V200",679
0.24,"V1",691
0.24,"V2",623
0.24,"V3",672
0.24,"V4",180
0.24,"V5",653
0.24,"V6",644
0.24,"V7",652
0.24,"V8",664
0.24,"V9",456
0.24,"V10",192
0.24,"V11",663
0.24,"V12",663
0.24,"V13",640
0.24,"V14",663
0.24,"V15",646
0.24,"V16",660
0.24,"V17",668
0.24,"V18",347
0.24,"V19",616
0.24,"V20",666
0.24,"V21",628
0.24,"V22",265
0.24,"V23",667
0.24,"V24",641
0.24,"V25",662
0.24,"V26",690
0.24,"V27",647
0.24,"V28",526
0.24,"V29",663
0.24,"V30",653
0.24,"V31",637
0.24,"V32",274
0.24,"V33",590
0.24,"V34",659
0.24,"V35",653
0.24,"V36",650
0.24,"V37",648
0.24,"V38",633
0.24,"V39",677
0.24,"V40",634
0.24,"V41",285
0.24,"V42",638
0.24,"V43",677
0.24,"V44",674
0.24,"V45",692
0.24,"V46",276
0.24,"V47",665
0.24,"V48",668
0.24,"V49",186
0.24,"V50",670
0.24,"V51",656
0.24,"V52",644
0.24,"V53",665
0.24,"V54",642
0.24,"V55",672
0.24,"V56",654
0.24,"V57",673
0.24,"V58",664
0.24,"V59",655
0.24,"V60",303
0.24,"V61",641
0.24,"V62",619
0.24,"V63",668
0.24,"V64",625
0.24,"V65",657
0.24,"V66",646
0.24,"V67",648
0.24,"V68",675
0.24,"V69",667
0.24,"V70",664
0.24,"V71",658
0.24,"V72",643
0.24,"V73",690
0.24,"V74",664
0.24,"V75",623
0.24,"V76",712
0.24,"V77",649
0.24,"V78",641
0.24,"V79",689
0.24,"V80",658
0.24,"V81",675
0.24,"V82",685
0.24,"V83",671
0.24,"V84",622
0.24,"V85",651
0.24,"V86",693
0.24,"V87",679
0.24,"V88",654
0.24,"V89",333
0.24,"V90",648
0.24,"V91",672
0.24,"V92",242
0.24,"V93",659
0.24,"V94",666
0.24,"V95",656
0.24,"V96",656
0.24,"V97",672
0.24,"V98",675
0.24,"V99",704
0.24,"V100",232
0.24,"V101",656
0.24,"V102",642
0.24,"V103",671
0.24,"V104",665
0.24,"V105",659
0.24,"V106",674
0.24,"V107",719
0.24,"V108",682
0.24,"V109",641
0.24,"V110",671
0.24,"V111",228
0.24,"V112",659
0.24,"V113",693
0.24,"V114",674
0.24,"V115",302
0.24,"V116",646
0.24,"V117",666
0.24,"V118",317
0.24,"V119",261
0.24,"V120",661
0.24,"V121",668
0.24,"V122",641
0.24,"V123",673
0.24,"V124",605
0.24,"V125",662
0.24,"V126",673
0.24,"V127",668
0.24,"V128",456
0.24,"V129",681
0.24,"V130",676
0.24,"V131",643
0.24,"V132",663
0.24,"V133",652
0.24,"V134",638
0.24,"V135",673
0.24,"V136",667
0.24,"V137",701
0.24,"V138",686
0.24,"V139",656
0.24,"V140",648
0.24,"V141",632
0.24,"V142",656
0.24,"V143",686
0.24,"V144",663
0.24,"V145",663
0.24,"V146",674
0.24,"V147",657
0.24,"V148",642
0.24,"V149",684
0.24,"V150",632
0.24,"V151",694
0.24,"V152",685
0.24,"V153",674
0.24,"V154",697
0.24,"V155",665
0.24,"V156",618
0.24,"V157",702
0.24,"V158",663
0.24,"V159",649
0.24,"V160",691
0.24,"V161",661
0.24,"V162",657
0.24,"V163",629
0.24,"V164",643
0.24,"V165",661
0.24,"V166",668
0.24,"V167",164
0.24,"V168",673
0.24,"V169",717
0.24,"V170",693
0.24,"V171",675
0.24,"V172",683
0.24,"V173",671
0.24,"V174",694
0.24,"V175",655
0.24,"V176",664
0.24,"V177",701
0.24,"V178",651
0.24,"V179",660
0.24,"V180",676
0.24,"V181",712
0.24,"V182",624
0.24,"V183",641
0.24,"V184",641
0.24,"V185",670
0.24,"V186",647
0.24,"V187",727
0.24,"V188",677
0.24,"V189",667
0.24,"V190",651
0.24,"V191",701
0.24,"V192",640
0.24,"V193",660
0.24,"V194",678
0.24,"V195",660
0.24,"V196",660
0.24,"V197",636
0.24,"V198",628
0.24,"V199",659
0.24,"V200",668
0.26,"V1",646
0.26,"V2",564
0.26,"V3",357
0.26,"V4",649
0.26,"V5",660
0.26,"V6",656
0.26,"V7",680
0.26,"V8",689
0.26,"V9",669
0.26,"V10",662
0.26,"V11",679
0.26,"V12",637
0.26,"V13",653
0.26,"V14",632
0.26,"V15",618
0.26,"V16",658
0.26,"V17",633
0.26,"V18",620
0.26,"V19",664
0.26,"V20",649
0.26,"V21",626
0.26,"V22",674
0.26,"V23",636
0.26,"V24",650
0.26,"V25",662
0.26,"V26",643
0.26,"V27",213
0.26,"V28",671
0.26,"V29",629
0.26,"V30",662
0.26,"V31",280
0.26,"V32",682
0.26,"V33",662
0.26,"V34",482
0.26,"V35",619
0.26,"V36",655
0.26,"V37",659
0.26,"V38",638
0.26,"V39",671
0.26,"V40",647
0.26,"V41",527
0.26,"V42",648
0.26,"V43",675
0.26,"V44",648
0.26,"V45",676
0.26,"V46",636
0.26,"V47",660
0.26,"V48",670
0.26,"V49",651
0.26,"V50",660
0.26,"V51",665
0.26,"V52",646
0.26,"V53",664
0.26,"V54",172
0.26,"V55",623
0.26,"V56",662
0.26,"V57",664
0.26,"V58",667
0.26,"V59",705
0.26,"V60",695
0.26,"V61",706
0.26,"V62",519
0.26,"V63",657
0.26,"V64",653
0.26,"V65",623
0.26,"V66",657
0.26,"V67",665
0.26,"V68",664
0.26,"V69",651
0.26,"V70",634
0.26,"V71",659
0.26,"V72",637
0.26,"V73",671
0.26,"V74",638
0.26,"V75",231
0.26,"V76",660
0.26,"V77",620
0.26,"V78",657
0.26,"V79",200
0.26,"V80",160
0.26,"V81",663
0.26,"V82",634
0.26,"V83",627
0.26,"V84",648
0.26,"V85",646
0.26,"V86",671
0.26,"V87",682
0.26,"V88",673
0.26,"V89",707
0.26,"V90",481
0.26,"V91",673
0.26,"V92",668
0.26,"V93",686
0.26,"V94",661
0.26,"V95",661
0.26,"V96",664
0.26,"V97",664
0.26,"V98",670
0.26,"V99",668
0.26,"V100",646
0.26,"V101",676
0.26,"V102",677
0.26,"V103",649
0.26,"V104",666
0.26,"V105",648
0.26,"V106",642
0.26,"V107",685
0.26,"V108",629
0.26,"V109",639
0.26,"V110",639
0.26,"V111",636
0.26,"V112",644
0.26,"V113",643
0.26,"V114",671
0.26,"V115",145
0.26,"V116",665
0.26,"V117",655
0.26,"V118",696
0.26,"V119",654
0.26,"V120",676
0.26,"V121",682
0.26,"V122",646
0.26,"V123",665
0.26,"V124",389
0.26,"V125",648
0.26,"V126",659
0.26,"V127",649
0.26,"V128",609
0.26,"V129",629
0.26,"V130",656
0.26,"V131",660
0.26,"V132",669
0.26,"V133",645
0.26,"V134",658
0.26,"V135",654
0.26,"V136",473
0.26,"V137",653
0.26,"V138",652
0.26,"V139",671
0.26,"V140",629
0.26,"V141",491
0.26,"V142",658
0.26,"V143",672
0.26,"V144",642
0.26,"V145",664
0.26,"V146",684
0.26,"V147",667
0.26,"V148",379
0.26,"V149",633
0.26,"V150",643
0.26,"V151",686
0.26,"V152",650
0.26,"V153",653
0.26,"V154",669
0.26,"V155",426
0.26,"V156",641
0.26,"V157",669
0.26,"V158",623
0.26,"V159",648
0.26,"V160",630
0.26,"V161",667
0.26,"V162",380
0.26,"V163",656
0.26,"V164",658
0.26,"V165",680
0.26,"V166",666
0.26,"V167",666
0.26,"V168",651
0.26,"V169",628
0.26,"V170",427
0.26,"V171",670
0.26,"V172",648
0.26,"V173",644
0.26,"V174",616
0.26,"V175",687
0.26,"V176",635
0.26,"V177",669
0.26,"V178",643
0.26,"V179",670
0.26,"V180",644
0.26,"V181",658
0.26,"V182",663
0.26,"V183",663
0.26,"V184",649
0.26,"V185",677
0.26,"V186",675
0.26,"V187",648
0.26,"V188",625
0.26,"V189",640
0.26,"V190",633
0.26,"V191",671
0.26,"V192",643
0.26,"V193",686
0.26,"V194",690
0.26,"V195",668
0.26,"V196",646
0.26,"V197",617
0.26,"V198",227
0.26,"V199",630
0.26,"V200",660
0.28,"V1",660
0.28,"V2",632
0.28,"V3",307
0.28,"V4",650
0.28,"V5",644
0.28,"V6",670
0.28,"V7",659
0.28,"V8",612
0.28,"V9",550
0.28,"V10",637
0.28,"V11",661
0.28,"V12",677
0.28,"V13",639
0.28,"V14",646
0.28,"V15",668
0.28,"V16",634
0.28,"V17",648
0.28,"V18",655
0.28,"V19",283
0.28,"V20",661
0.28,"V21",652
0.28,"V22",657
0.28,"V23",683
0.28,"V24",623
0.28,"V25",663
0.28,"V26",642
0.28,"V27",686
0.28,"V28",653
0.28,"V29",644
0.28,"V30",663
0.28,"V31",637
0.28,"V32",643
0.28,"V33",653
0.28,"V34",635
0.28,"V35",640
0.28,"V36",667
0.28,"V37",630
0.28,"V38",636
0.28,"V39",637
0.28,"V40",670
0.28,"V41",657
0.28,"V42",649
0.28,"V43",644
0.28,"V44",263
0.28,"V45",374
0.28,"V46",644
0.28,"V47",640
0.28,"V48",638
0.28,"V49",659
0.28,"V50",650
0.28,"V51",690
0.28,"V52",652
0.28,"V53",638
0.28,"V54",630
0.28,"V55",389
0.28,"V56",644
0.28,"V57",671
0.28,"V58",667
0.28,"V59",520
0.28,"V60",667
0.28,"V61",682
0.28,"V62",652
0.28,"V63",664
0.28,"V64",647
0.28,"V65",662
0.28,"V66",658
0.28,"V67",639
0.28,"V68",661
0.28,"V69",637
0.28,"V70",642
0.28,"V71",670
0.28,"V72",614
0.28,"V73",632
0.28,"V74",640
0.28,"V75",673
0.28,"V76",589
0.28,"V77",652
0.28,"V78",658
0.28,"V79",641
0.28,"V80",652
0.28,"V81",634
0.28,"V82",660
0.28,"V83",665
0.28,"V84",655
0.28,"V85",670
0.28,"V86",661
0.28,"V87",659
0.28,"V88",645
0.28,"V89",645
0.28,"V90",651
0.28,"V91",685
0.28,"V92",686
0.28,"V93",663
0.28,"V94",662
0.28,"V95",618
0.28,"V96",640
0.28,"V97",268
0.28,"V98",636
0.28,"V99",653
0.28,"V100",640
0.28,"V101",640
0.28,"V102",647
0.28,"V103",638
0.28,"V104",656
0.28,"V105",334
0.28,"V106",659
0.28,"V107",667
0.28,"V108",630
0.28,"V109",648
0.28,"V110",656
0.28,"V111",643
0.28,"V112",645
0.28,"V113",660
0.28,"V114",672
0.28,"V115",661
0.28,"V116",399
0.28,"V117",651
0.28,"V118",643
0.28,"V119",645
0.28,"V120",629
0.28,"V121",673
0.28,"V122",647
0.28,"V123",636
0.28,"V124",668
0.28,"V125",620
0.28,"V126",647
0.28,"V127",641
0.28,"V128",642
0.28,"V129",643
0.28,"V130",645
0.28,"V131",645
0.28,"V132",662
0.28,"V133",654
0.28,"V134",661
0.28,"V135",654
0.28,"V136",636
0.28,"V137",666
0.28,"V138",646
0.28,"V139",653
0.28,"V140",643
0.28,"V141",647
0.28,"V142",662
0.28,"V143",627
0.28,"V144",651
0.28,"V145",649
0.28,"V146",673
0.28,"V147",657
0.28,"V148",651
0.28,"V149",668
0.28,"V150",655
0.28,"V151",660
0.28,"V152",672
0.28,"V153",645
0.28,"V154",677
0.28,"V155",661
0.28,"V156",654
0.28,"V157",654
0.28,"V158",646
0.28,"V159",652
0.28,"V160",657
0.28,"V161",654
0.28,"V162",652
0.28,"V163",276
0.28,"V164",647
0.28,"V165",645
0.28,"V166",197
0.28,"V167",660
0.28,"V168",665
0.28,"V169",648
0.28,"V170",670
0.28,"V171",673
0.28,"V172",667
0.28,"V173",650
0.28,"V174",652
0.28,"V175",646
0.28,"V176",628
0.28,"V177",637
0.28,"V178",650
0.28,"V179",679
0.28,"V180",626
0.28,"V181",643
0.28,"V182",665
0.28,"V183",684
0.28,"V184",678
0.28,"V185",651
0.28,"V186",641
0.28,"V187",655
0.28,"V188",663
0.28,"V189",645
0.28,"V190",667
0.28,"V191",632
0.28,"V192",663
0.28,"V193",665
0.28,"V194",633
0.28,"V195",655
0.28,"V196",653
0.28,"V197",643
0.28,"V198",651
0.28,"V199",648
0.28,"V200",643
0.3,"V1",638
0.3,"V2",655
0.3,"V3",625
0.3,"V4",652
0.3,"V5",647
0.3,"V6",656
0.3,"V7",658
0.3,"V8",648
0.3,"V9",640
0.3,"V10",650
0.3,"V11",644
0.3,"V12",669
0.3,"V13",654
0.3,"V14",655
0.3,"V15",636
0.3,"V16",656
0.3,"V17",648
0.3,"V18",649
0.3,"V19",622
0.3,"V20",665
0.3,"V21",650
0.3,"V22",654
0.3,"V23",628
0.3,"V24",633
0.3,"V25",665
0.3,"V26",646
0.3,"V27",650
0.3,"V28",636
0.3,"V29",651
0.3,"V30",640
0.3,"V31",666
0.3,"V32",667
0.3,"V33",636
0.3,"V34",657
0.3,"V35",641
0.3,"V36",661
0.3,"V37",667
0.3,"V38",630
0.3,"V39",636
0.3,"V40",617
0.3,"V41",650
0.3,"V42",659
0.3,"V43",667
0.3,"V44",637
0.3,"V45",648
0.3,"V46",650
0.3,"V47",649
0.3,"V48",632
0.3,"V49",655
0.3,"V50",631
0.3,"V51",686
0.3,"V52",646
0.3,"V53",648
0.3,"V54",670
0.3,"V55",639
0.3,"V56",663
0.3,"V57",649
0.3,"V58",663
0.3,"V59",673
0.3,"V60",639
0.3,"V61",655
0.3,"V62",654
0.3,"V63",643
0.3,"V64",652
0.3,"V65",639
0.3,"V66",540
0.3,"V67",662
0.3,"V68",649
0.3,"V69",403
0.3,"V70",286
0.3,"V71",643
0.3,"V72",649
0.3,"V73",684
0.3,"V74",641
0.3,"V75",671
0.3,"V76",650
0.3,"V77",671
0.3,"V78",638
0.3,"V79",638
0.3,"V80",684
0.3,"V81",656
0.3,"V82",664
0.3,"V83",681
0.3,"V84",637
0.3,"V85",665
0.3,"V86",647
0.3,"V87",633
0.3,"V88",629
0.3,"V89",672
0.3,"V90",640
0.3,"V91",647
0.3,"V92",673
0.3,"V93",654
0.3,"V94",646
0.3,"V95",654
0.3,"V96",644
0.3,"V97",652
0.3,"V98",665
0.3,"V99",645
0.3,"V100",647
0.3,"V101",651
0.3,"V102",645
0.3,"V103",635
0.3,"V104",617
0.3,"V105",632
0.3,"V106",659
0.3,"V107",667
0.3,"V108",636
0.3,"V109",643
0.3,"V110",277
0.3,"V111",659
0.3,"V112",644
0.3,"V113",648
0.3,"V114",644
0.3,"V115",633
0.3,"V116",641
0.3,"V117",674
0.3,"V118",375
0.3,"V119",644
0.3,"V120",646
0.3,"V121",642
0.3,"V122",654
0.3,"V123",196
0.3,"V124",638
0.3,"V125",651
0.3,"V126",332
0.3,"V127",456
0.3,"V128",649
0.3,"V129",663
0.3,"V130",659
0.3,"V131",632
0.3,"V132",640
0.3,"V133",644
0.3,"V134",499
0.3,"V135",649
0.3,"V136",634
0.3,"V137",653
0.3,"V138",630
0.3,"V139",667
0.3,"V140",645
0.3,"V141",645
0.3,"V142",209
0.3,"V143",653
0.3,"V144",646
0.3,"V145",662
0.3,"V146",633
0.3,"V147",645
0.3,"V148",676
0.3,"V149",623
0.3,"V150",656
0.3,"V151",661
0.3,"V152",177
0.3,"V153",654
0.3,"V154",645
0.3,"V155",156
0.3,"V156",658
0.3,"V157",654
0.3,"V158",613
0.3,"V159",666
0.3,"V160",638
0.3,"V161",650
0.3,"V162",684
0.3,"V163",657
0.3,"V164",631
0.3,"V165",653
0.3,"V166",256
0.3,"V167",636
0.3,"V168",636
0.3,"V169",641
0.3,"V170",669
0.3,"V171",682
0.3,"V172",651
0.3,"V173",643
0.3,"V174",643
0.3,"V175",633
0.3,"V176",637
0.3,"V177",667
0.3,"V178",668
0.3,"V179",653
0.3,"V180",646
0.3,"V181",643
0.3,"V182",647
0.3,"V183",681
0.3,"V184",648
0.3,"V185",662
0.3,"V186",649
0.3,"V187",658
0.3,"V188",664
0.3,"V189",640
0.3,"V190",461
0.3,"V191",642
0.3,"V192",655
0.3,"V193",658
0.3,"V194",613
0.3,"V195",664
0.3,"V196",651
0.3,"V197",624
0.3,"V198",644
0.3,"V199",632
0.3,"V200",648
